{"cameraMode":{"drawMode":0,"name":"Shaded","section":"Shading Mode"},"sceneLighting":true,"audioPlay":false,"sceneViewState":{"showFog":true,"showMaterialUpdate":false,"showSkybox":true,"showFlares":true,"showImageEffects":true,"showParticleSystems":true},"in2DMode":false,"pivot":{"x":0.21924781799316407,"y":4.651037693023682,"z":-0.008495569229125977},"rotation":{"x":-0.012774198316037655,"y":-0.7164766192436218,"z":0.013116546906530857,"w":-0.6973817944526672},"size":10.0,"orthographic":false}