{"cameraMode":{"drawMode":0,"name":"Shaded","section":"Shading Mode"},"sceneLighting":true,"audioPlay":false,"sceneViewState":{"showFog":true,"showMaterialUpdate":false,"showSkybox":true,"showFlares":true,"showImageEffects":true,"showParticleSystems":true},"in2DMode":false,"pivot":{"x":4.704394817352295,"y":-2.5333406925201418,"z":8.07511043548584},"rotation":{"x":0.1407446265220642,"y":0.7737833261489868,"z":-0.18465615808963777,"w":0.589419424533844},"size":13.85565185546875,"orthographic":false}