{"cameraMode":{"drawMode":0,"name":"Shaded","section":"Shading Mode"},"sceneLighting":true,"audioPlay":false,"sceneViewState":{"showFog":true,"showMaterialUpdate":false,"showSkybox":true,"showFlares":true,"showImageEffects":true,"showParticleSystems":true},"in2DMode":false,"pivot":{"x":8.317975997924805,"y":5.734189033508301,"z":8.354180335998536},"rotation":{"x":0.0583597831428051,"y":-0.2063549906015396,"z":-0.012375515885651112,"w":-0.9766972064971924},"size":12.58557415008545,"orthographic":false}